{
	"api": {
		"TwitterAPI": {
			"service": "API Gateway",
			"providerPlugin": "awscloudformation",
			"dependsOn": [
				{
					"category": "function",
					"resourceName": "TwitterFunction",
					"attributes": [
						"Name",
						"Arn"
					]
				}
			]
		}
	},
	"auth": {
		"twitter": {
			"service": "Cognito",
			"providerPlugin": "awscloudformation",
			"dependsOn": []
		}
	},
	"storage": {
		"TwitterTable": {
			"service": "DynamoDB",
			"providerPlugin": "awscloudformation"
		}
	},
	"function": {
		"TwitterFunction": {
			"service": "Lambda",
			"providerPlugin": "awscloudformation",
			"build": true,
			"dependsOn": [
				{
					"category": "storage",
					"resourceName": "TwitterTable",
					"attributes": [
						"Name",
						"Arn"
					]
				}
			]
		}
	}
}