{
	"providers": {
		"awscloudformation": {
			"AuthRoleName": "tracks-dev-20191028155802-authRole",
			"UnauthRoleArn": "arn:aws:iam::473013781252:role/tracks-dev-20191028155802-unauthRole",
			"AuthRoleArn": "arn:aws:iam::473013781252:role/tracks-dev-20191028155802-authRole",
			"Region": "us-west-2",
			"DeploymentBucketName": "tracks-dev-20191028155802-deployment",
			"UnauthRoleName": "tracks-dev-20191028155802-unauthRole",
			"StackName": "tracks-dev-20191028155802",
			"StackId": "arn:aws:cloudformation:us-west-2:473013781252:stack/tracks-dev-20191028155802/029d6740-f9ce-11e9-96df-0a59d1b75b46"
		},
		"categories": {
			"auth": {
				"tracks82cfeac0": {}
			}
		}
	},
	"api": {},
	"auth": {
		"twitter": {
			"service": "Cognito",
			"providerPlugin": "awscloudformation",
			"dependsOn": [],
			"providerMetadata": {
				"s3TemplateURL": "https://s3.amazonaws.com/tracks-dev-20191028155802-deployment/amplify-cfn-templates/auth/twitter-cloudformation-template.yml",
				"logicalId": "authtwitter"
			},
			"lastPushTimeStamp": "2019-11-04T20:13:49.684Z",
			"output": {
				"AppClientSecret": "1uvqo6vjtnpou10ienp9giek40q7dvigea3b93p9nmeg6g7jee1r",
				"UserPoolId": "us-west-2_ObHcJ1rlc",
				"AppClientIDWeb": "2teap77k6pa88lr2b0kt1lgcpv",
				"AppClientID": "5ejq6ot6qcoi7cvru8o9bpp77v",
				"IdentityPoolId": "us-west-2:4fc10334-733a-4c83-8af9-b30f6eaef390",
				"IdentityPoolName": "twitterIdentityPool__dev",
				"UserPoolName": "twitterUserPool"
			},
			"lastPushDirHash": "4WwjUzOU6kdDt9xrTbDokJmFpkc="
		}
	},
	"storage": {
		"TwitterTable": {
			"service": "DynamoDB",
			"providerPlugin": "awscloudformation",
			"output": {
				"PartitionKeyName": "status",
				"Region": "us-west-2",
				"Arn": "arn:aws:dynamodb:us-west-2:473013781252:table/TwitterTable-dev",
				"StreamArn": "arn:aws:dynamodb:us-west-2:473013781252:table/TwitterTable-dev/stream/2019-10-28T22:41:42.907",
				"PartitionKeyType": "S",
				"Name": "TwitterTable-dev"
			},
			"lastPushTimeStamp": "2019-11-04T20:13:49.678Z",
			"providerMetadata": {
				"s3TemplateURL": "https://s3.amazonaws.com/tracks-dev-20191028155802-deployment/amplify-cfn-templates/storage/TwitterTable-cloudformation-template.json",
				"logicalId": "storageTwitterTable"
			}
		}
	},
	"function": {}
}