{
    "projectName": "tracks",
    "version": "2.0",
    "frontend": "javascript",
    "javascript": {
        "framework": "react-native",
        "config": {
            "SourceDir": "C:\\Users\\tmdtm\\cs340\\reactnative\\rn-casts\\tracks",
            "DistributionDir": "C:\\Users\\tmdtm\\cs340\\reactnative\\rn-casts\\tracks",
            "BuildCommand": "npm.cmd run-script build",
            "StartCommand": "npm.cmd run-script start"
        }
    },
    "providers": [
        "awscloudformation"
    ]
}